{"cameraMode":{"drawMode":0,"name":"Shaded","section":"Shading Mode"},"sceneLighting":true,"audioPlay":false,"sceneViewState":{"showFog":true,"showMaterialUpdate":false,"showSkybox":true,"showFlares":true,"showImageEffects":true,"showParticleSystems":true},"in2DMode":false,"pivot":{"x":-0.5174055099487305,"y":-0.48130926489830019,"z":1.7622020244598389},"rotation":{"x":0.06665511429309845,"y":-0.9178233742713928,"z":0.3501952290534973,"w":0.17470157146453858},"size":13.866095542907715,"orthographic":false}