{"cameraMode":{"drawMode":0,"name":"Shaded","section":"Shading Mode"},"sceneLighting":false,"audioPlay":false,"sceneViewState":{"showFog":true,"showMaterialUpdate":false,"showSkybox":false,"showFlares":true,"showImageEffects":true,"showParticleSystems":true},"in2DMode":false,"pivot":{"x":902.754638671875,"y":345.6378173828125,"z":404.008544921875},"rotation":{"x":-0.009309438057243824,"y":-0.002402447396889329,"z":0.00002238889464933891,"w":-0.9999538660049439},"size":1778.142822265625,"orthographic":false}